sName,fName,fNameExt,mName,birthday,birthplace,sex,cStatus,height,weight,bType
Smith,Jessica,,Shea,1/24/1999,Manila,F,Single,1.5,56,AB
Johnson,Aljon,JR,Rouse,7/18/1995,Singapore,M,Single,1.75,80,AB
Williams,James,,Hartley,9/12/1993,Tokyo,M,Married,1.7,67,A
Jones,Robert,III,Mayfield,9/2/1994,London,M,Single,1.4,73,B
Brown,Dave,,Elder,6/14/1999,Pattaya,M,Single,1.6,85,B
Davis,Andrea,,Rankin,4/23/1997,Barcelona,F,Single,1.6,76,O
Miller,Thea,,Hanna,2/28/1996,Milan,F,Single,1.5,67,B
Wilson,Bea,,Cowan,8/24/1998,Hong Kong,F,Single,1.8,90,O
Moore,Jessica,,Lucero,12/23/1997,Bali,F,Single,1.3,45,O
Taylor,Kaye,,Arroyo,10/26/2000,Osaka,F,Single,1.5,56,AB
Anderson,Roy,,Slaughter,1/25/2000,Bangkok,M,Single,1.5,60,B
Thomas,Marie,,Haas,3/30/1994,London,F,Single,1.6,67,A
Jackson,Chad,,Oconnell,4/23/2000,Paris,M,Single,1.43,47,O
White,Jazel,,Minor,5/18/1993,Dubia,F,Single,1.57,57,O
Harris,Jannah,,Kendrick,2/28/1996,New York,F,Single,1.5,67,A
Martin,Nico,SR,Shirley,8/24/1998,Paris,M,Single,1.75,70,A
Thompson,Nicole,,Kendall,12/23/1997,Tokyo,F,Single,1.7,77,O
Garcia,Francine,,Boucher,10/26/2000,Phuket,F,Single,1.4,57,AB
Martinez,Eldridge,JR,Archer,9/12/1993,Mecca,M,Single,1.6,56,B
Robinson,Toby,,Boggs,9/2/1994,Istanbul,M,Single,1.6,80,B
Clark,Marcos,JR,Odell,6/14/1999,Seoul,M,Single,1.5,67,A
Rodriguez,Alex,,Dougherty,4/23/1997,Manila,F,Single,1.8,73,B
Lewis,James,,Andersen,2/28/1996,Pattaya,M,Single,1.56,85,O
Lee,Way,,Newell,8/24/1998,Osaka,M,Single,1.65,76,B
Walker,Sky,,Crowe,6/14/1999,Manila,M,Single,1.55,67,A
Hall,Philip,,Wang,4/23/1997,Bali,M,Single,1.83,90,B
Allen,Eduard,,Friedman,2/28/1996,New York,M,Single,1.45,45,O
Young,Joshua,,Bland,8/24/1998,Barcelona,M,Single,1.7,56,AB
Hernandez,Joseph,,Swain,12/23/1997,Mecca,M,Single,1.6,60,B
King,Nemo,,Holley,10/26/2000,Paris,M,Single,1.34,67,O
Wright,Lightning,JR,Felix,1/25/2000,Bali,M,Single,1.7,47,O
Lopez,Al,,Pearce,3/30/1994,Antalya,M,Married,1.6,57,O
Hill,X El,,Childs,4/23/2000,Hong Kong,M,Single,1.56,67,O
Earp,Amelia,,Scott,5/6/2017,London,F,Married,1.5,65,AB
Earthman,Jake,JR,Green,6/20/1985,Mexico City,M,Single,1.9,85,A
Eatherton,Harry,,Baker,9/12/1987,Bangkok,M,Single,1.9,90,O
Eatman,Jacob,,Gonzalez,7/29/1999,New York,M,Single,1.7,78,B
Eatmon,Charlie,,Nelson,1/23/1985,Mexico City,M,Single,1.8,84,A
Jacko,Thomas,JR,Carter,6/14/1990,London,M,Single,1.88,86,O
Jackovich,George,,Mitchell,8/24/1994,London,M,Single,1.65,90,AB
Jackowiak,Oscar,,Perez,9/9/1999,Mexico City,M,Widowed,1.78,95,O
Jackowski,James,SR,Roberts,12/30/1980,Bangkok,M,Single,1.89,97,A
Jacks,William,,Turner,5/25/1975,New York,M,Single,1.56,65,A
Jackson,Noah,,Phillips,4/18/1998,London,F,Separated,1.68,65,A
Ebanks,Connor,,Campbell,10/21/1987,New York,M,Married,1.55,50,AB
Ebarb,Margaret,,Parker,11/1/1979,New York,F,Single,1.4,43,B
Ebaugh,Olivia,,Evans,3/17/1989,London,F,Single,1.78,72,B
Ebben,Isla,,Edwards,7/6/1998,Mexico City,F,Separated,1.67,79,O
Pagination,Emily,,Collins,12/3/1950,New York,F,Single,1.54,51,O
Wadleigh,Poppy,,Stewart,2/9/1957,Bangkok,F,Single,1.6,55,B
Wadler,Ava,,Sanchez,6/28/1996,London,F,Single,1.61,59,A
Wadley,Isabella,,Morris,9/12/1974,London,F,Married,1.59,62,AB
Wadlington,Jessica,,Rogers,5/13/1965,London,F,Married,1.54,53,B
Wadlow,Lily,,Reed,4/16/1982,Bangkok,F,Widowed,1.63,76,O
Xander,Sophie,,Cook,7/26/1993,Mexico City,F,Single,1.7,79,O
Xanders,Mason,SR,Morgan,3/13/1993,New York,M,Separated,1.8,89,AB
Xavier,Joseph,,Bell,10/14/1996,New York,M,Single,1.76,94,A
Xenakis,Charles,,Murphy,10/24/1985,New York,M,Single,1.82,86,O
Xenos,Ethan,,Bailey,12/23/1954,New York,M,Single,1.9,98,B
Xi,Luan,,Rivera,11/27/1995,Bangkok,M,Single,1.65,56,B
Xia,Alexander,,Cooper,11/3/1990,Mexico City,M,Married,1.66,64,AB
Xiang,Patricia,,Richardson,4/26/2004,Mexico City,F,Single,1.56,60,O
Cadiz,Jennifer,,Cox,9/6/2008,New York,F,Single,1.59,56,B
Cadle,Elizabeth,,Howard,7/8/1993,London,F,Married,1.62,59,AB
Cadman,Linda,,Ward,4/5/1978,Bangkok,F,Single,1.7,78,A
Cadmus,Michael,,Torres,1/5/1967,London,M,Widowed,1.89,98,O
Pickrell,Jaxx,,Vanpelt,4/5/1998,Hamadoni,F,Single ,1.5,55,O
Perino,Bode,Jr.,Turnage,9/19/1997,Danghara,M,Married,1.51,52,O
Penning,Jayvion,,Shaner,2/2/1995,Somoniyon,F,Separated,1.6,63,O
Pankratz,Reagan,III,Schroder,6/13/1994,Ghafurov,F,Single ,1.7,64,A
Orlandi,Graeme,,Sato,8/20/1997,Zafarobod,F,Widowed,1.55,69,A
Nyquist,Kamdyn,,Riordan,2/25/1994,Balkh,F,Single ,1.6,85,A
Norrell,Kamren,,Quimby,3/25/1991,Navkat,F,Married,1.62,56,B
Noren,Keshawn,,Portis,2/1/1996,Mehrobod,F,Separated,1.73,42,B
Naples,Trevin,,Natale,3/30/1993,Shahritus,F,Single ,1.53,6+9,B
Nale,Carlo,,Mckoy,4/1/1998,Shaydon,F,Widowed,1.52,80,AB
Nakashima,Leroy,IV,Mccown,5/8/1995,Faizobod,M,Single ,1.56,57,O
Musselwhite,Alora,,Marker,6/6/1993,Qal'ai Khumb,F,Married,1.5,64,AB
Murrin,Kensington,,Lucio,6/12/1998,Panj,F,Separated,1.5,58,A
Murch,Sidney,Sr.,Kilmer,7/7/1997,Shurab,M,Single ,1.51,59,O
Mullinix,Cambria,,Karl,7/12/1993,Vanj,F,Widowed,1.6,60,A
Mullican,Kaelynn,,Hotchkiss,7/23/1999,Varzob,F,Single ,1.7,50,O
Mullan,Sofie,,Hesse,3/13/1993,Kadamjay,F,Married,1.55,46,O
Morneau,Damaris,II.,Halbert,3/14/1995,Kaindy,M,Separated,1.6,49,O
Mondor,Karley,,Gwinn,3/15/1997,Kant,F,Single ,1.62,52,O
Molinar,Gretchen,,Godsey,3/16/1999,Sulukta,F,Widowed,1.73,50,A
Mo,Diya,,Desmond,3/17/1991,Talas,F,Single ,1.51,51,A
Minjares,Kya,,Delisle,3/18/1992,Tashk�m�r,F,Married,1.6,53,A
Minix,Vinnie,Jr.,Chrisman,3/19/1994,Mumbai,M,Separated,1.7,62,B
Mingle,Patch,,Canter,3/20/1996,Delhi,M,Single ,1.55,68,B
Minchew,Boris,,Klingensmith,6/12/1990,Bangalore ,M,Widowed,1.6,49,B
Mill,Tuck,,Kirsch,6/13/1999,Hyderabad,M,Single ,1.62,52,O
Milewski,Juju,,Kester,6/14/1997,Ahmedabad,M,Married,1.73,50,O
Mikkelson,Kovu,,Honaker,6/15/1992,Chennai,F,Separated,1.51,51,O
Mifflin,Skyler,,Hodson,6/16/1998,Kolkata,F,Single ,1.6,53,A
Messing,Gibson,V.,Hennessy,6/17/1989,Surat,M,Widowed,1.7,62,A
Merkley,Timmy,,Helmick,6/18/1980,Pune,M,Single ,1.55,68,A
Meis,Hobbes,,Garrity,6/19/1970,Jaipur,M,Single ,1.6,55,O
Malabanan,Kaila,JR,Millana,08/24/99,Tandag,F,Single,1.7,70,O
Giralao,Andrea,SR,Estrella,08/19/00,Gensan,F,Married,1.57,60,O
